Maquina,Presentacion ml,Fecha,Tiempo 0,Tiempo 1,Tiempo 2,Tiempo 3,Tiempo 4,Temperatura Zona 1,Temperatura Zona 2,Temperatura Zona 3,Temperatura Zona 4,Temperatura Zona 5,Temperatura Zona 6,Temperatura Zona 7,Produccion Aceptada,Botella Defectuosa,Produccion Total,Preforma,Turno,Numero de bolsas,Numero de lote,Empleado,Color,Supervisor,Reviso,Observaciones,Goal de piezas,Goal de bolsas,Goal Total
3,300,07/05/2021,0.809090909,0.963636364,1.963636364,1.963636364,1.963636364,360.7272727,290,300.5454545,352.7272727,0,0,0,5280,275,5555,20,1,16,Uknown,Polo,Cristal,Uknown,"Sara, Rayo",NONE,NONE,NONE,NONE
5,1500,07/05/2021,1.181818182,5.545454545,0.636363636,4.527272727,2,42.24545455,25.80909091,24.77272727,24.77272727,24.34545455,30.94545455,24.74545455,6320,135,6455,35.7,1,79,Uknown,Merary,Cristal,Guiliano,Beatriz,"3259, 45 Desperdicio, 1 precalentado , 80 Segunda, 9 Quemadas",4800,60,NONE
5,1500,06/05/2021,1.181818182,5.545454545,0.636363636,4.454545455,2,38.6,22.63636364,21.81818182,21.81818182,21.81818182,27.56363636,24.52727273,6080,645,6725,35.7,1,76,Uknown,Merary,Cristal,Guiliano,"Rayo, Sara",3515,4800,60,NONE
5,1500,05/05/2021,0.709090909,3.327272727,0.381818182,2.672727273,1.2,23.29090909,13.58181818,13.02727273,13.02727273,12.97272727,16.1,15.13636364,4960,526,5486,35.7,1,62,Uknown,Guiliano/Merary,Cristal,Guiliano,Oliver/Sara,"2943 Cierres, 24 Desperdicio, 469 Segunda, 15 Precalentada, 18 Quemada, 62 bolsas de 80 botellas c/u",NONE,NONE,NONE
3,500,27/04/2021,0.163636364,0.254545455,0.509090909,0.363636364,0.363636364,66.36363636,50,67.81818182,50.90909091,0,0,0,0,0,0,20.6,1,0,B210427-117,Polo/Oliver,Cristal,Leopoldo,Oliver,"Salsera 500ml, Maquina 3",NONE,NONE,NONE
2,500,24/04/2021,0.545454545,0.763636364,0.981818182,0.981818182,0.981818182,36.36363636,201.2727273,208.9090909,206.5727273,0,0,0,3600,175,3775,20.6,1,16,Uknown,Rayo,Cristal,Uknown,Evelina,"Seguna 153, precalentada10, quemada 5, desperdicio 7",NONE,NONE,NONE
1,500,28/04/2021,1,1.4,1.5,1.8,1.8,0,362.9090909,354,361.0909091,0,0,0,5625,537,6162,20,1,25,Uknown,"Francisco,Evelina",Cristal,Guiliano,"Polo,Beti,Rayo","405 Segunda, 17 Precalentada, 0 Calentada, 115 Desperdicio",NONE,NONE,NONE
2,500,29/04/2021,0.509090909,1.418181818,1.981818182,1.8,1.8,390.6363636,366.1818182,384.6363636,375.0909091,0,0,0,4275,432,4707,0,1,19,Uknown,Polo - Oliver,Cristal,Uknown,Oliver- Evelin,"229 Segunda, 130 Desperdicio, Precalentada 45, Calentada 28, 19 bolsas de 225",NONE,NONE,NONE
2,500,23/04/2021,1,1.4,1.8,1.8,1.8,347.8181818,295.2727273,313.3636364,312.4,0,0,0,5625,902,6527,20.6,1,25,Uknown,"Rayo, Oliver, Evelyn",Cristal,Uknown,"Rayo,Oliver,Evelin","810 Segunda,22 Calentada,32 Precalentada, 38 Desperdicio",NONE,NONE,NONE
2,500,30/04/2021,0.436363636,0.818181818,0.927272727,0.981818182,0.981818182,211.9090909,212,215.6363636,209.8727273,0,0,0,3150,367,3517,20.6,1,14,Uknown,Rayo,Cristal,Leopoldo,Oliver,"315 Segunda, 14 Precalentado, 25 Quemada, 13 Desperdicio",NONE,NONE,NONE
1,500,29/04/2021,1,1.4,1.5,1.8,1.8,0,362.8181818,290.3454545,369.0909091,0,0,0,5850,603,6453,20,1,26,Uknown,Gerardo Beta,Cristal,Guiliano,Polo,"432 Segunda, 6 Precalentada, 160 Desperdicio, 5 Calentado, 26 bolsas de 225",NONE,NONE,NONE
1,500,30/04/2021,0.636363636,0.890909091,0.954545455,1.145454545,1.145454545,0,233.0909091,225.5454545,238,0,0,0,3375,501,3876,20,1,15,Uknown,"Gerardo, Berta",Cristal,Guiliano,Polo,"Paramos a la 1 para que pintaran. 348 Segunda, 0 Calentada 7 Precalentada, 146 Desperdicio",NONE,NONE,NONE
2,500,04/05/2021,0.9,1.409090909,1.8,1.8,1.8,456.1818182,360.0909091,357.3636364,397.7272727,0,0,0,5400,580,5980,20,1,24,Uknown,Rayo,Cristal,Guiliano,Uknown,"414 Segunda, 34 Precalentada, 105 Desperdicios, 27 Quemada",NONE,NONE,NONE
2,500,03/05/2021,0.9,1.4,1.8,1.8,1.8,444.7272727,372.4545455,363.5454545,392.3818182,0,0,0,4950,824,5774,20.6,1,22,Uknown,"Rayo, Gerardo, Evelyn",Cristal,Guiliano,"Evelyn, Rayo","576 Segunda, 20 Precalentada, 177 Desperdicio, 31 Quemada",NONE,NONE,NONE
2,500,06/05/2021,0.245454545,0.409090909,0.545454545,0.490909091,0.490909091,120.8181818,97.36363636,108.4545455,106.3090909,0,0,0,0,0,0,20,1,0,Uknown,Berta,Cristal,Guiliano,Polo,Se paro a las 9 am por falta de preforma,NONE,NONE,NONE
3,300,05/05/2021,0.818181818,1.145454545,1.8,1.963636364,1.963636364,296.0909091,250,247.2727273,593.0909091,0,0,0,2310,511,2821,20,1,7,Uknown,Uknown,Cristal,Guiliano,Polo,"430 Segunda, 9 Calentador, Precalentada 2, desperdicio 70, 28 bolsas de 220",NONE,NONE,NONE
3,500,04/05/2021,0.736363636,1.063636364,1.963636364,1.963636364,1.963636364,303,254.8181818,271,270.0909091,0,0,0,2700,851,3551,20.6,1,12,Uknown,Oliver/Evelyn,Cristal,Guiliano,Beatriz,"Dalton 300ml, Desperdicio 57, segunda 737, 4 quemada, precalentada 49",NONE,NONE,NONE
1,500,03/05/2021,1,1.4,1.5,1.8,1.8,0,365.1636364,366.9090909,349.3636364,0,0,0,4725,931,5656,20.6,1,21,Uknown,"Beatriz, Gerardo",Cristal,Guiliano,Oliver,"Segunda 531, precalentada 20, calentada 70, desperdicio, 21 bolsas de 225",NONE,NONE,NONE
2,500,05/05/2021,0.163636364,0.272727273,0.327272727,0.327272727,0.327272727,80.54545455,69.09090909,69.81818182,69.27272727,0,0,0,4500,0,4500,20.6,1,20,Uknown,Rayo,Cristal,Guiliano,Uknown,20 bolsas de 225,NONE,NONE,NONE
1,500,27/04/2021,1,1.4,1.5,1.8,1.8,0,354.2727273,337.4545455,378.4545455,0,0,0,6075,707,6782,20.6,1,27,B210428-117,"Gerardo, Beti",Cristal,Guiliano,Polo,"Segunda, 575, Desperdicio 85, Calentada 17, precalentada 30",NONE,NONE,NONE
3,500,28/04/2021,0.145454545,0.254545455,0.518181818,0.363636364,0.363636364,71.90909091,48.63636364,66.54545455,56.27272727,0,0,0,225,0,225,20.6,1,1,B210428-118,Polo/Oliver,Cristal,Guiliano,Polo,Se paro maquina por que se cambio de molde,NONE,NONE,NONE
3,500,26/04/2021,0.545454545,0.763636364,0.818181818,0.981818182,0.981818182,0,198.5454545,195.2727273,201.2727273,0,0,0,900,653,1553,20.6,1,4,B210426-116,Uknown,Cristal,Guiliano,Uknown,"Se paro maquina por falla a las 12, 162 desperdicio, 450 segunda, quemada 16, Recalentada 25",NONE,NONE,NONE
1,500,26/04/2021,0.818181818,1.145454545,1.227272727,1.472727273,1.472727273,0,298.7272727,274.3636364,311.4545455,0,0,0,4500,390,4890,20.6,1,20,B210426-116,"Gerardo, Bety",Cristal,Guiliano,Polo,"Segunda 342, Precalentada 19, Desperdicio 16, calentada 13",NONE,NONE,NONE
1,500,24/04/2021,0.545454545,0.763636364,0.927272727,0.981818182,0.981818182,0,198.5454545,198.7272727,198.3636364,0,0,0,2475,755,3230,20.6,1,11,B210426-114,"Gerardo, Bety",Cristal,Guiliano,Polo,"Se paro produccion a las 12 pm para hacer aseo. 545 segunda, 10 calentada, 16 precalentada, 180 desperdicio",NONE,NONE,NONE
1,500,23/04/2021,1,1.4,1.4,1.8,1.8,0,292,295.5454545,282.1818182,0,0,0,4275,814,5089,20,1,19,B210423-113,"Gerardo, Beti",Cristal,Guiliano,Polo,"4pm falla la maquina, no abria el molde, 360 Segunda, 58 precalentada, 350 desperdicio, 46 calentada",NONE,NONE,NONE
3,500,22/04/2021,0.509090909,0.890909091,1.909090909,1.272727273,1.272727273,262.9090909,191.8090909,188,226.3636364,0,0,0,2925,1074,3999,20.6,1,3,B210422-112,"Oliver, Polo",Cristal,Guiliano,"Merary, Polo","Se paro maquina a las 2pm por temperatura, Desperdicio 198, Segunda 765, quemada 77, precalentada 34",NONE,NONE,NONE
2,500,22/04/2021,1,1.4,1.7,1.8,1.8,431.2727273,360.4545455,378.3636364,381.6545455,0,0,0,6300,349,6649,20,1,28,B210422-112,Rayo,Cristal,Guiliano,Evelyn,"Salsera, 307 Segunda, 20 Quemada, 20 Precalentada, 2 Desperdicio",NONE,NONE,NONE
1,500,22/04/2021,1,1.4,1.7,1.9,1.9,0,356.2818182,349.5454545,353.2727273,0,0,0,5400,678,6078,20,1,24,B210422-112,"Gerardo, Bety",Cristal,Guiliano,Polo,"Salsera, 450 Segunda, 11 Calentada, 17 Precalentada, 200 Desperdicio",NONE,NONE,NONE
2,500,21/04/2021,1,1.4,1.7,1.8,1.8,439,353.8181818,386.3636364,386.6636364,0,0,0,5850,720,6570,20.6,1,26,B210421-111,"Oliver, Evelyin",Cristal,Guiliano,Polo,"Salsera, 620 Segunda, 39 Precalentada, 61 Calentada",NONE,NONE,NONE
1,500,21/04/2021,1,1.4,1.7,1.9,1.9,0,373.4181818,361,344.1818182,0,0,0,5175,822,5997,20,1,23,B210421-111,"Beatriz, Gerardo",Cristal,Guiliano,Polo,"620 Segunda, 6 Precalentada, 16 Calentada, 180 Desperdicio",NONE,NONE,NONE
3,500,20/04/2021,0.8,1.3,2.5,2.2,2.2,424.4545455,158.3181818,307.2545455,343.5454545,0,0,0,2250,1259,3509,20.6,1,10,B210420-110,"Polo, Francisco",Cristal,Leopoldo,Merary,"Salsera, 816 Segunda, 246 Desperdicio, 20 Precalentada, 177 Quemada",NONE,NONE,NONE
2,500,20/04/2021,0.909090909,1.272727273,1.454545455,1.636363636,1.636363636,310.2727273,338.7272727,359.8181818,350.3727273,0,0,0,6075,492,6567,20.6,1,27,B210420-110,"Polo, Oliver",Cristal,Leopoldo,Evelyn,"Salsera, 315 segunda, 9 Calentada, 9 Precalentada, 159 Desperdicio",NONE,NONE,NONE
1,500,20/04/2021,0.818181818,1.145454545,1.390909091,1.554545455,1.554545455,300.9090909,292.4545455,267.3636364,0,0,0,0,3150,617,3767,20,1,14,B210420-110,"Gerardo, Bety",Cristal,Guiliano,Polo,"Se paro dos horas, 450 Segunda, 23 Calentada, 24 Precalentada, 120 desperdicio",NONE,NONE,NONE
2,500,19/04/2021,0.818181818,1.145454545,1.309090909,1.472727273,1.472727273,354.3636364,314.3636364,294.5454545,0,0,0,0,6300,355,6655,20.6,1,28,B210419-109,"Oliver, Polo",Cristal,Guiliano,"Merary, Evelyn","Salsera, 225 Segunda, 6 Precalentadas, 74 Calentadas, 50 Desperdicio",NONE,NONE,NONE
1,500,19/04/2021,0.909090909,1.272727273,1.545454545,1.636363636,1.636363636,364.8181818,357.4545455,349.9090909,0,0,0,0,4275,1246,5521,20.6,1,19,B210419-109,Francisco,Cristal,Guiliano,"Merary, Evelyn","Salsera, 702 Segunda, 8 Quemada, 16 Precalentada, 520 Desperdicio",NONE,NONE,NONE
2,500,17/04/2021,0.818181818,1.145454545,1.309090909,1.472727273,1.472727273,350.7272727,304,317.6363636,312.9454545,0,0,0,5175,237,5412,20.6,1,23,B210417-107,"Oliver,Polo",Cristal,Leopoldo,Polo,"Salsera, 16 Desperdicio, 480 Segunda, 11 Precalentda, 30 Calentada",NONE,NONE,NONE
1,500,17/04/2021,0.818181818,1.145454545,1.390909091,1.472727273,1.472727273,306.4545455,295,279,0,0,0,0,3375,500,3875,20.6,1,15,B210417-107,"Gerardo, Berta",Cristal,Leopoldo,Polo,"Salsera, 391 segunda, 7 precalentada, 3 calentada, 100 desperdicio",NONE,NONE,NONE
2,500,16/04/2021,1,1.4,1.5,1.8,1.8,416.8181818,369.6363636,388.0909091,392.1,0,0,0,5625,629,6254,20,1,25,B210416-106,Rayo,Cristal,Guiliano,Oliver,"Salsera, Segunda 351, 72 Precalentada, 12 Quemada, 194 Desperdicio",NONE,NONE,NONE
1,500,16/04/2021,1,1.4,1.7,1.8,1.8,0,363.8181818,353.3636364,334.6363636,0,0,0,4950,679,5629,20,1,22,B210416-106,Rayo,Cristal,Guiliano,Oliver,"Salsera, 400 Segunda, 8 Calentada, 11 Precalentada, 260 Desperdicio",NONE,NONE,NONE
3,500,15/04/2021,0.445454545,0.590909091,1.127272727,1.072727273,1.072727273,175.7272727,122.6363636,130.0727273,139,0,0,0,900,748,1648,20.6,1,4,B210415-105,Polo,Cristal,Guiliano,Merary,"Salsera, Desperdicio 103, Segunda 621, Quemada 18, precalentada 6",NONE,NONE,NONE
2,500,15/04/2021,1,1.4,1.6,1.8,1.8,408.0909091,362.8181818,389,391.1909091,0,0,0,5625,338,5963,20.6,1,25,B210415-105,Polo,Cristal,Leopoldo,Merary,"Salsera, 243 Segunda, 48 Precalentada, 12 Quemadas, 33 Desperdicio",NONE,NONE,NONE
1,500,15/04/2021,1,1.4,1.7,1.8,1.8,32.54545455,350.9090909,349.1818182,311.9090909,0,0,0,4725,709,5434,20,1,21,B210415-105,"Gerardo, Bety",Cristal,Guiliano,Polo,"Falla de compresor, Segunda 356, Precalentada 8, Calentada 5, Desperdicio 340",NONE,NONE,NONE
2,500,14/04/2021,0.818181818,1.063636364,1.309090909,1.472727273,1.472727273,342.7272727,306,318.9090909,325.0818182,0,0,0,4950,284,5234,20.6,1,22,B210414-104,"Polo, Rayo",Cristal,Guiliano,"Evelyn, Oliver","A las nueve arranco maquina por falla. 225 segunda, 34 precalentada, 10 quemada, 15 desperdicio",NONE,NONE,NONE
1,500,14/01/1900,1,1.4,1.7,1.8,1.8,0,354.4272727,358.2727273,346.1818182,0,0,0,5400,747,6147,20,1,24,B210414-104,"Gerardo, Bety",Cristal,Guiliano,Polo,"Salsera, 480 Segunda, 31 Precalentada, 16 Calentada, 220 Desperdicio",NONE,NONE,NONE
2,500,13/04/2021,0.818181818,1.063636364,1.309090909,1.472727273,1.472727273,359.0909091,315.5454545,317.8181818,328.9909091,0,0,0,6075,327,6402,20,1,27,B210413-103,"Polo, Rayo",Cristal,Guiliano,Evelyn,"Se quemo el ventilador, Segunda 250, Precalentada 34, quemada 27, Desperdicio 16",NONE,NONE,NONE
1,500,13/04/2021,1,1.4,1.7,1.8,1.8,362.0909091,353.8181818,331.6363636,0,0,0,0,4950,620,5570,20,1,22,B210413-103,"Gerardo, Bety",Cristal,Guiliano,Polo,"Salsera, 549 segunda, 20 Calentada, 31 precalentada, 20 desperdicio",NONE,NONE,NONE
2,500,12/04/2021,0.545454545,0.736363636,0.818181818,0.981818182,0.981818182,217.0909091,210.2727273,208.6636364,0,0,0,0,3825,276,4101,20.6,1,17,B210412-102,Uknown,Cristal,Guiliano,Polo,"La maquina se arranco a las 11 am por falta de preforma, 225 segunda, 10 precalentada, 21 quemada, 20 desperdicio",NONE,NONE,NONE
1,500,12/04/2021,0.727272727,1.018181818,1.236363636,1.309090909,1.309090909,0,225,223.6363636,217.2727273,0,0,0,2700,361,3061,20.6,1,12,B210412-102,"Gerardo, Beti",Cristal,Guiliano,Polo,"La maquina se arranco a las 11 am por falta de preforma, 225 segunda, 9 calentada, 7 precalentada, 120 desperdicio",NONE,NONE,NONE
2,500,10/04/2021,0.727272727,0.945454545,1.163636364,1.309090909,1.309090909,280.9090909,270,277.5454545,575.8636364,0,0,0,4725,120,4845,20,1,21,B210410-100,Polo,Cristal,Guiliano,Evelyn,"Salsera, 72 segunda, 19 precalentada,16 calentada, 13 desperdicio",NONE,NONE,NONE
2,500,09/04/2021,5.090909091,1.3,1.6,1.8,1.8,377.6363636,373.3636364,383.7272727,366.3636364,0,0,0,7200,148,7348,20,1,32,B210409-099,Polo,Cristal,Guiliano,Evelyn,"salsera. Segunda 108, Precalentada 28, quemada 12",NONE,NONE,NONE
1,500,09/04/2021,1,1.4,1.7,1.8,1.8,0,352,359.9090909,347.5454545,0,0,0,6075,665,6740,20,1,27,B210409-099,"Gerardo, Beti",Cristal,Guiliano,Polo,"Salsera, 450 Segunda, 7 Precalentada, 8 Calentada, 200 desperdicio",NONE,NONE,NONE
2,500,08/04/2021,1,1.4,1.6,1.8,1.8,380,368.0909091,371.7272727,364.5454545,0,0,0,5400,126,5526,20,1,24,B210408-088,Polo,Cristal,Guiliano,Uknown,"Salsera, 90 segunda, 30 precalentado, 6 quemadas",NONE,NONE,NONE
1,500,08/04/2021,1,1.4,1.7,1.8,1.8,0,358.8545455,359.5454545,334.8181818,0,0,0,5625,398,6023,20,1,25,B210408-088,Gerardo Beti,Cristal,Guiliano,Polo,"Salsera, 270 Segunda, 30 precalentada, 18 calentada, 80 desperdicio",NONE,NONE,NONE
2,500,07/04/2021,0.818181818,1.063636364,1.227272727,1.472727273,1.472727273,320.6363636,307,309.9090909,297.2727273,0,0,0,5625,90,5715,20.6,1,25,B210407-097,Polo,Cristal,Guiliano,Evelyn,"Salsera, 80 segunda, 10 precalentado",NONE,NONE,NONE
1,500,07/04/2021,1,1.4,1.7,1.8,1.8,0,366.2181818,356.8181818,348.9090909,0,0,0,6075,343,6418,20,1,27,B210407-097,Gerardo,Cristal,Guiliano,Polo,"Salsera, 306 segunda, 27 desperdicio, 81 precalentado, 2 calentada",NONE,NONE,NONE
2,500,06/04/2021,1,1.3,1.5,1.8,1.8,383.5454545,366.2727273,341.3636364,372.8181818,0,0,0,5850,50,5900,20.6,1,26,B210406-096,Gerardo,Cristal,Uknown,Polo,50 segunda,NONE,NONE,NONE
2,500,05/04/2021,0.363636364,0.472727273,0.545454545,0.654545455,0.654545455,285.6363636,273.1818182,270,254.3636364,0,0,0,2475,182,2657,20,1,11,B210405-095,Polo,Cristal,Uknown,Uknown,"Maquina 2, Salsera 500 ml",NONE,NONE,NONE
1,500,05/04/2021,0,0,0,0,0,0,357.8181818,350.9090909,337.1818182,0,0,0,5175,346,5521,20.6,1,23,B210405-095,"Polo, Bety",Cristal,Guiliano,Polo,"Maquina 1, Salsera 500 ml. Segunda 162, Precalentada 7, Calentada 27, Desperdicio 150",20,NONE,Cristal
5,1500,31/03/2021,0.8,1.127272727,0.090909091,0.909090909,0.236363636,20.40909091,10.81818182,10.86363636,11,9.418181818,10.36363636,9.163636364,5280,120,5400,35.7,1,66,B210331-090,Merary,Cristal,Guiliano,"Irma, Oliver","2715 cierre, Maquina 5 Salsera 1.5 lt. Segunda 80, Precalentada 10, Desperdicio 30, Quemada 0",NONE,NONE,Cristal
2,500,31/03/2021,1,1.3,1.5,1.8,1.8,315.8181818,312.0909091,309.2727273,283.8181818,0,0,0,3375,379,3979,0,1,16,B210331-090,Rayo,Cristal,Uknown,Evelyn,"Maquina 2, Salsera 500 ml. Segunda 261, Desecho 58, Precalentada 52, Quemada 8",NONE,NONE,NONE
2,500,30/03/2021,0.363636364,0.472727273,0.581818182,0.363636364,0.363636364,152.7272727,119.6363636,150.1818182,97.16363636,0,0,0,1800,221,2021,20.6,1,8,B210330-089,Rayo,Cristal,Uknown,Rayo,"Se trabajo solo 4 horas por falta de molde.  Maquina 2, Salsera 500 ml. Segunda 135, Precalentada 56, Quemada 8, Desperdicio 22",NONE,NONE,NONE
1,500,30/03/2021,1,1,2,2.1,2.1,0,350.4545455,342,316.1818182,0,0,0,5625,611,6236,20,1,25,B210330-089,"Rayo, Gerardo, Polo, Bety",Cristal,Polo,Polo,"Maquina 1, Salsera 500 ml. Segunda 360, Desperdicio 198, Calentada 18, Precalentada 35.",NONE,NONE,NONE
2,500,29/03/2021,0.545454545,0.763636364,1.090909091,1.145454545,1.145454545,460.9090909,321.9090909,411.0909091,267.6909091,0,0,0,6300,249,6549,20,1,28,B210329-088,Rayo,Cristal,Uknown,Polo,"Maquina 2, Salsera 500 ml. Segunda 207, Precalentada 32, Calentada 10",NONE,NONE,NONE
3,500,29/03/2021,1,1.4,1.1,2.1,2.1,343.1818182,312.6363636,300.8181818,0,0,0,0,4050,478,4528,20.6,1,18,B210329-088,"Gerardo, Bety",Cristal,Polo,Polo,"Segunda 300, Desperdicio 150, Precalentadas 13, Calentadas 15.",NONE,NONE,NONE
1,500,27/03/2021,0.654545455,1.018181818,1.309090909,1.672727273,1.527272727,0,278.5454545,265.4545455,250.3636364,0,0,0,3375,703,4073,20,1,15,B210327-086,"Gerardo, Bety",Cristal,Polo,Polo,"Se para a las 2 pm. Maquina 2, Salsera 50 ml. Segunda 500, Desperdicio 150, Precalentada 16, Calentada 37.",NONE,NONE,NONE
2,500,26/03/2021,0.818181818,1.145454545,1.8,1.718181818,1.718181818,372.2727273,273.6363636,335.1818182,218.3363636,0,0,0,4950,262,5212,20.6,1,22,B210326-085,Rayo,Cristal,Polo,Polo,"Maquina 2, Salsa 500 ml. Segunda 183, Desperdicio 45, Precalentado 26, Quemada 8.",NONE,NONE,NONE
1,500,26/03/2021,0.736363636,1.063636364,1.063636364,1.881818182,1.718181818,0,272,264,250.9090909,0,0,0,2925,620,3545,20.6,1,13,B210326-085,"Gerardo, Bety",Cristal,Polo,Polo,"Maquina 1, Salsera 500 ml. Segunda 500, Desperdicio 100, Precalentada 20",NONE,NONE,NONE
2,500,25/03/2021,0.818181818,1.145454545,1.636363636,1.718181818,1.718181818,360.5454545,272.4545455,337.9090909,218.6181818,0,0,0,4275,160,4435,20.6,1,19,B210325-084,Rayo,Cristal,Polo,Polo,"Maquina 2, Salsera 50 ml. Segunda 106, Desperdicio 26, Precalentada 28.",NONE,NONE,NONE
1,500,06/04/2021,1,1.4,1.7,1.8,1.8,0,357.7454545,361.4545455,337,0,0,0,6525,250,6775,20,1,29,B210406-096,"Rayo, Bety",Cristal,Guiliano,Polo,"Salsera, Segunda 185, precalentada 19, calentada 13, desperdicio 33",NONE,NONE,NONE
2,500,24/03/2021,0.636363636,0.890909091,1.272727273,1.336363636,1.336363636,277.5454545,207,269.1818182,158.7454545,0,0,0,3600,55,3655,20.6,1,16,B210324-083,Rayo,Cristal,Leopoldo,Polo,"Se paro la maquina a las 10:15 am hasta las 11:20 am para cambiar el filtro. 27 segunda, 6 quemada, 22 precalentada",NONE,NONE,NONE
1,500,24/03/2021,0.363636364,0.472727273,0.872727273,0.872727273,0.872727273,0,140,99.63636364,134.9090909,0,0,0,1320,37,1357,20.6,1,4,B210324-083,Polo,Cristal,Leopoldo,Polo,"Se paro la maquina a las 10 am. 9 segunda, 17 calentada, 8 precalentada, 3 desperdicio",NONE,NONE,NONE
2,500,22/03/2021,0.090909091,0.127272727,0.181818182,0.190909091,0.190909091,40.72727273,29.72727273,38.36363636,23.18181818,0.272727273,0,0,450,65,515,20,1,2,B210322-081,"Gerardo, polo",Cristal,Leopoldo,Polo,"Se prendio la maquina  a las 8 am, 9 am se paro las maquinas. Segunda 36, desperdicio 29.",NONE,NONE,NONE
1,300,22/03/2021,0.363636364,0.472727273,0.654545455,0.872727273,0.872727273,0,137.8181818,97.45454545,133.8181818,0,0,0,1320,28,1348,20,1,4,B210322-081,"Rayo, Polo",Cristal,Leopoldo,Polo,"Se para la maquina a las 10 am. 12 segunda, 4 calentada, 8 precalentada, 4 desperdicio",NONE,NONE,NONE
2,500,20/03/2021,0.727272727,0.945454545,0.727272727,1.527272727,1.527272727,342.7272727,239,306.3636364,171.1818182,0,0,0,4275,109,4384,20.6,1,19,B210320-079,"Beti, Rayo",Cristal,Leopoldo,Polo,"85 segunda, 4 desperdicio, 5 quemadas, 15 precalentada.",NONE,NONE,NONE
2,500,19/03/2021,0.818181818,1.145454545,1.472727273,1.718181818,1.718181818,388.9090909,271.4545455,350.4545455,191.4727273,0,0,0,4275,283,4558,20.6,1,19,B210319-078,Uknown,Cristal,Guiliano,Uknown,"Salsera, 198 segunda, 73 desperdicio, 12 precalentada.",NONE,NONE,NONE
2,500,18/03/2021,0.818181818,1.145454545,1.472727273,1.718181818,1.718181818,394.9090909,275,346.6363636,190.2181818,0,0,0,4725,338,5063,20.6,1,21,B210318-077,"Rayo, Francisco",Cristal,Guiliano,Merari,"Salsera, 162 segunda, 166 desperdicio, 10 precalentada.",NONE,NONE,NONE
2,500,17/03/2021,0.818181818,1.145454545,1.636363636,1.718181818,1.718181818,796.0909091,273,345.1818182,196.4363636,0,0,0,4500,406,4906,20.6,1,20,B210317-076,Leopoldo,Cristal,Guiliano,Merari,"Dalla mecanica 10 am, se arranco maquina 10:40 am. 216 segunda, 114 desperdicio, 76 precalentadas.",NONE,NONE,NONE
2,500,16/03/2021,0.454545455,0.636363636,0.854545455,0.954545455,0.954545455,421.0909091,147.4545455,193.1818182,107.3363636,0,0,0,2925,244,3169,20.6,1,13,B210313-075,"Polo, Rayo",Cristal,Guiliano,"Elena, Polo","Paro de maquina para prender la automatica a las 9 am. Reanuda 11 am. Fallas de molde. 138 segunda, 22 quemadas, 8 precalentada, 76 aplastada.",NONE,NONE,NONE
2,500,13/03/2021,0.272727273,0.381818182,0.545454545,0.572727273,0.572727273,254.3636364,93.09090909,115.0909091,67.27272727,0,0,0,1125,278,1403,20.6,1,5,B210313-075,Leopoldo,Cristal,Guiliano,Merari,"Se detuvo maquna para hacer aseo. 153 segunda, 86 desperdicio, 39 precalentadas.",NONE,NONE,NONE
5,1000,13/03/2021,0.272727273,0.381818182,0.545454545,0.572727273,0.572727273,3.490909091,1.990909091,2.018181818,2.109090909,2.045454545,2.054545455,0,4900,0,4900,30,1,35,B210313-072,"Guiliano, Merary",Cristal,Guiliano,"Beatriz, Rayo, Francisco",Se detuvo maquna para hacer aseo,NONE,NONE,NONE
2,500,12/03/2021,0.818181818,1.145454545,1.472727273,1.718181818,1.718181818,663.6363636,270.1818182,341.2727273,198.2545455,0,0,0,4500,165,4665,20,1,20,B210312-072,"Polo, Rayo",Cristal,Uknown,"Polo, Rayo","135 segunda, 8 quemada, 13 desperdicio, 9 precalentada",NONE,NONE,NONE
5,1000,12/03/2021,1.1,5.8,0.5,4.7,1.8,384,219,222,232,225,226,220,6580,53,6633,30,1,47,B210312-071,"Guiliano, Merary",Cristal,Guiliano,"Elena, Francisco, Beatriz","3293 Cierres. 2 segunda, 24 desperdicio, 12 quemada, 15 precalentada.",5600,40,5600
5,1000,11/03/2021,1,5.272727273,0.454545455,4.272727273,1.636363636,349.0909091,199.0909091,201.8181818,210.9090909,204.5454545,205.4545455,200,5740,99,5839,30,1,41,B210311-070,"Guiliano, Merary",Cristal,Guiliano,"Irma, Francisco","20 Desperdicio, 44 precalentada, 35 segunda, 0 quemadas.",6860,49,6860
2,500,11/03/2021,0.818181818,1.145454545,1.472727273,1.718181818,1.718181818,659.3636364,265.6363636,340.3636364,196.1909091,0,0,0,4500,109,4609,20,1,20,B210311-070,Uknown,Cristal,Guiliano,Uknown,"85 segunda, 11 precalentada, 4 quemada, 9 desperdicio",NONE,NONE,NONE
5,1000,10/03/2021,0.7,3.690909091,0.318181818,2.990909091,1.145454545,244.3636364,139.3636364,139.3636364,145.7272727,141.2727273,143.8181818,140,4340,282,4622,30,1,31,B210310-069,"Guiliano, Merary",Cristal,Guiliano,"Rayo, Beatriz, Polo","243 segunda, 9 desperdicio, 30 precalentada, 0 quemadas",NONE,NONE,NONE
2,500,10/03/2021,0.818181818,1.145454545,1.636363636,1.718181818,1.718181818,648.4545455,261.4545455,341.0909091,202.0909091,0,0,0,4500,171,4671,20.6,1,20,B210310-069,Leopoldo,Cristal,Leopoldo,Merari,"105 segunda, 28 desperdicio, 38 precalentadas",NONE,NONE,NONE
5,1000,09/03/2021,0.6,3.163636364,0.272727273,2.563636364,0.981818182,209.4545455,119.4545455,119.4545455,124.9090909,119.4545455,121.6363636,120,3500,159,3659,30,1,25,B210309-068,"Guiliano, Merary",Cristal,Leopoldo,"Rayo, Elena, Francisco","1875 cierres. 18 desperdicio, 75 segunda, 25 quemada, 41 precalentada",NONE,NONE,NONE
1,500,09/03/2021,0.454545455,0.590909091,0.909090909,1.090909091,1.090909091,0,170,112.2727273,156.3636364,0,0,0,660,1153,1813,20,1,2,B210309-068,"Rayo, Bety",Cristal,Leopoldo,Polo,"Se para la maquina a las 11 am. 1151 segunda, 2 desperdicio",NONE,NONE,NONE
2,500,09/03/2021,0.454545455,0.636363636,0.818181818,0.954545455,0.954545455,361,138.7272727,189.9090909,111.8636364,0,0,0,1575,159,1734,20.6,1,7,B210309-068,Uknown,Cristal,Leopoldo,Uknown,"9 am se paro la maquina por falla mecanica. 12 arranco por falla mecanica. 117 segunda, 7 precalentada, 5 calentada, 30 desperdicio",NONE,NONE,NONE
2,500,08/03/2021,0.454545455,0.636363636,0.818181818,1.090909091,1.090909091,572.2727273,215.0909091,302.6363636,187,0,0,0,4275,174,4449,20.6,1,19,B210308-067,Leopoldo,Cristal,Leopoldo,Merari,"Falla mecanica a partir de las 7. 117 segunda, 18 desperdicio, 39 precalentadas",NONE,NONE,NONE
1,500,08/03/2021,0.818181818,1.063636364,1.636363636,1.963636364,1.963636364,0,307.1818182,206.1818182,286.5454545,0,0,0,1650,2581,4231,20.6,1,5,B210308-067,"Rayo, Bety",Cristal,Leopoldo,Polo,"9:30 am se hizo precalentado, soplo de precalentado. 2566 segunda, 2 precalentado, 8 calentada, 5 desperdicio",NONE,NONE,NONE
2,500,06/03/2021,0.727272727,0.981818182,1.236363636,1.636363636,1.636363636,282.6818182,252.7272727,247.4090909,223.4090909,0,0,0,3570,68.5,3638.5,20.3,1,14,B210306-065,Leopoldo,Cristal,Leopoldo,Merari,"7 am falla mecanica. 2 pm se paro para hacer aseo. 72 segunda, 7 desperdicio, 16 quemadas.",NONE,NONE,NONE
2,500,06/03/2021,0.727272727,0.981818182,1.236363636,1.636363636,1.636363636,282.6818182,252.7272727,247.4090909,223.4090909,0,0,0,3570,68.5,3638.5,20.3,1,14,B210306-065,Uknown,Cristal,Leopoldo,Leopoldo,"Falla Mecanica. 24 segunda, 4 calentada, 12 precalentada, 2 desperdicio",NONE,NONE,NONE
2,500,05/03/2021,0.818181818,1.145454545,1.472727273,1.718181818,1.718181818,680.7272727,249.7272727,339.3636364,210.4545455,0,0,0,5175,87,5262,20.6,1,23,B210305-064,"Leopoldo, Francisco",Cristal,Leopoldo,Merari,"Se arranco maquina 7:30 por falla mecanica. 95 segunda, 7 desperdicio, 35 quemadas",NONE,NONE,NONE
1,500,05/03/2021,0.727272727,0.945454545,1.454545455,1.745454545,1.745454545,0,280.6363636,187.3636364,262.9090909,0,0,0,4620,91,4711,20,1,14,B210305-064,"Rayo, Beti",Cristal,Leopoldo,Polo,"A las 8 arrancamos, el moolde no abria y las barillas no bajaban. 37 segunda, 34 precalentada, 20 calentada",NONE,NONE,NONE
5,1000,04/03/2021,0.4,2.109090909,0.181818182,1.709090909,0.654545455,138.5454545,77.45454545,77.45454545,81.09090909,77.45454545,79.63636364,78.90909091,560,68,628,30,1,4,B210304-063,Guiliano,Cristal,Guiliano,Elena,"Salsera, 5 segunda, 20 desperdicio, 43 precalentada.",NONE,NONE,NONE
2,500,04/03/2021,0.636363636,0.890909091,1.272727273,1.336363636,1.336363636,486,263.3636364,337.2727273,198.2727273,0,0,0,5175,330,5505,20.6,1,23,B210304-063,Leopoldo,Cristal,Leopoldo,Leopoldo,"Salsera. 219 segunda, 48 precalentada, 8 calentada, 55 desperdicio",NONE,NONE,NONE
1,500,04/03/2021,0.218181818,0.527272727,0.727272727,0.763636364,0.763636364,0,142.0454545,96.18181818,117.0909091,0,0,0,1125,89,1214,20,1,3,B210304-063,Uknown,Cristal,Leopoldo,Uknown,"Se arranco maquina a partir de las 12:30, botella boston. 111 segunda, 28 precalentada, 6 desperdicio",NONE,NONE,NONE
1,500,04/03/2021,0.218181818,0.527272727,0.727272727,0.763636364,0.763636364,0,142.0454545,96.18181818,117.0909091,0,0,0,1125,89,1214,20,1,3,B210304-063,"Rayo, Bety",Cristal,Leopoldo,Polo,"Se termino de hacer botella diamante para cambiar molde a las 10:15 am. 31 segunda, 0 precalentada, 2 calentada, 0 desperdicio",NONE,NONE,NONE
2,500,03/03/2021,0.727272727,1.018181818,0.945454545,1.745454545,1.745454545,561.3636364,236.1818182,302.6363636,157.4545455,0,0,0,3600,312,3912,20.6,1,16,B210303-062,Uknown,Cristal,Leopoldo,Uknown,"Falla mecanica a partir de las 9:30. 225 segunda, 30 desperdicio, 57 quemada",NONE,NONE,NONE
1,500,03/03/2021,0.163636364,1.227272727,1.718181818,1.963636364,1.963636364,317.3727273,290.6727273,247.8181818,265,0,0,0,4224,662,4886,20,1,11,B210303-062,"Rayo, Bety",Cristal,Leopoldo,Polo,"Diamante, 528 segunda, 117 desperdicio, 7 calentada, 10 precalentada.",NONE,NONE,NONE
5,1500,02/03/2021,1.1,8.690909091,0.5,7.554545455,1.836363636,313.6363636,170.0909091,172,187.5454545,189.5454545,193.0909091,190.1818182,3675,409,4084,35.7,1,49,B210302-061,Guiliano,Cristal,Guiliano,"Rayo, Breatriz, Francisco","2191 cierres. 60 desperdicio, segunda 349",NONE,NONE,NONE
2,500,02/03/2021,0.818181818,1.145454545,1.063636364,1.963636364,1.963636364,639.7272727,257.2727273,339.7272727,195.4545455,0,0,0,5400,113,5513,20.6,1,24,B210302-061,Leopoldo y Elena,Cristal,Guiliano,"Rayo, Breatriz, Francisco","7:30 paro maquina. 54 segunda, 20 desperdicio, 39 quemadas.",NONE,NONE,NONE
1,300,01/03/2021,0.127272727,0.272727273,0.381818182,0.436363636,0.436363636,0,44.18181818,50.45454545,60.81818182,0,0,0,384,242,626,20,1,1,B210301-060,Francisco,Cristal,Leopoldo,Leopoldo,"7:00 se limpiaron filtros. 9:12 falla mecanica. 10:00 se paro la maquina por pruebas de la nueva maquina. 184 segunda, 58 desperdicio",NONE,NONE,NONE
2,500,01/03/2021,0.727272727,1.018181818,1.454545455,1.745454545,1.745454545,502.7272727,205.5454545,261.4545455,164.6727273,0,0,0,4725,284,5009,20,1,21,B210301-060,"Rayo, Bety",Cristal,Leopoldo,Leopoldo,"7:00 se limpiaron los filtros. 218 segunda, 36 desperdicio, 20 calentada, 10 precalentada.",NONE,NONE,NONE
1,300,27/02/2021,0.8,1.090909091,1.527272727,1.745454545,1.745454545,0,282.1818182,205.1818182,242.9090909,0,0,0,1536,793,2329,20,1,4,B210227-058,Elena,Cristal,Leopoldo,Polo,"Maquina 1, Diamante 300 ml. Segunda 650, Desperdicio 139, Precalentada 4",NONE,NONE,NONE
2,500,27/02/2021,0.818181818,1.145454545,1.636363636,1.963636364,1.963636364,576,226.9090909,304.0909091,137.8181818,0,0,0,4500,231,4731,20,1,20,B210227-058,"Rayo, Bety",Cristal,Leopoldo,Polo,"2pm ASEO Y LIMPIEZA, Maquina 2, Salsera 500 ml. Segunda 189, Precalentada 22, Calentada 4, Desperdicio 16.",NONE,NONE,NONE
1,300,26/02/2021,0.163636364,0.236363636,0.509090909,0.436363636,0.436363636,0,74,34.18181818,62.54545455,0,0,0,330,29,359,20.6,1,1,B210226-057,Francisco,Cristal,Leopoldo,Polo,"Se trabajaron 2 horas. Maquina 1, Boston 300 ml. Segunda 29.",NONE,NONE,NONE
2,500,26/02/2021,0,0,0,0,0,642.5454545,258.4545455,345.9090909,161.9727273,0,0,0,4500,394,4894,20,1,20,B210226-057,"Rayo, Bety",Cristal,Guiliano,Polo,"Maquina 2, Salsera 500 ml. Segunda 253, Calentada 8, Precalentada 16, Desperdicio 117",NONE,NONE,NONE
2,500,25/02/2021,0.818181818,1.227272727,1.718181818,1.963636364,1.963636364,319.3636364,202.5454545,271.5454545,102.4090909,0,0,0,3825,559,4384,20,1,17,B210225-056,"Rayo, Bety",Cristal,Uknown,Polo,"Mantenimiento  de compresores 2 pm, Maquina 1, Dalton 300 ml. Segunda 320, Precalentada 68, Quemada 20, Desperdicio 151.",NONE,NONE,NONE
1,300,25/02/2021,0.572727273,0.827272727,1.781818182,1.527272727,1.527272727,0,255.9090909,228.1818182,218.3636364,0,0,0,3300,25,3325,20.6,1,10,B210225-056,Francisco,Cristal,Polo,Polo,"Mantenimiento al compresor a partir de las 2 pm. Maquina 1, Dalton Boston 300 ml. Segunda 19, Desperdicio 6.",NONE,NONE,NONE
2,500,24/02/2021,0.818181818,1.145454545,1.636363636,1.963636364,1.963636364,370.3636364,258.8181818,339.1818182,203.6909091,0,0,0,4050,458,4508,20,1,18,B210224-055,"Bety, Rayo",Cristal,Guiliano,Polo,"Fallaron las temperaturas. Maquina 2, Salsera 500 ml. Segunda 333, Desperdicio  108, Calentada 6, Precalentada 11.",NONE,NONE,NONE
1,300,24/02/2021,0.736363636,1.063636364,2.290909091,1.963636364,1.963636364,0,328.2727273,152.3636364,280.7272727,0,0,0,3630,57,3687,20.6,1,11,B210224-055,Francisco,Cristal,Polo,Polo,"Maquina 1, Diamante 300 ml. Segunda 44, Desperdicio 13.",NONE,NONE,NONE
2,500,23/02/2021,0,0,0,0,0,41.54545455,30.27272727,39.09090909,25.72727273,0,0,0,900,524,1424,20,1,4,F210207K,Polo,Cristal,Guiliano,Bety,"Falla de varillas y de disco. Maquina 2, Salsera 500 ml. Segunda 256, Apachurradas 258, Quemadas 10.",NONE,NONE,NONE
1,300,23/02/2021,0.818181818,1.063636364,2.290909091,1.963636364,1.963636364,0,331.5454545,171.5454545,276.4545455,0,0,0,3300,238,3538,20.6,1,10,B210223-054,Francisco ,Cristal,Polo,Polo,"Maquina 1, Dalton 300 ml. Segunda 165, Desperdicio 73.",NONE,NONE,NONE
2,500,22/02/2021,0.9,1.227272727,1.145454545,1.963636364,1.963636364,349.9090909,264.3636364,347.3636364,221.5,0,0,0,5175,267,5442,20,1,23,F210201K,"Rayo, Bety ",Cristal,Guiliano,"Bety, Rayo","Maquina 2, Salsera 500 ml. Segunda 162, Desperdicio 94, Quemadas 4, Precalentada 7.",NONE,NONE,NONE
1,300,22/02/2021,0.9,1.063636364,2.290909091,1.963636364,1.963636364,329.7272727,208.5454545,273.0909091,0,0,0,0,2310,322,2632,20.6,1,7,F210201K,Francisco ,Cristal,Guiliano,Polo,"Maquina 1, Dalton 300 ml. Segunda 242, Desperdicio 61, Precalentadas 19.",NONE,NONE,NONE
2,500,20/01/2021,0.666666667,0.875757576,0.815151515,1.454545455,1.454545455,475.3333333,272.3333333,362.6363636,286.4060606,0,0,0,5100,309.3333333,5409.333333,20,1,22.66666667,F210125K,"Rayo, Polo, Bety ",Cristal,Guiliano,"Polo, Bety, Rayo","Maquina 2, Salsera 500 ml. Segunda 216, Desperdicio 127, Precalentada 14, Calentada 2.",NONE,NONE,NONE
2,500,19/02/2021,0.9,1.227272727,1.145454545,1.963636364,1.963636364,665.5454545,257.8181818,345.4545455,254.4909091,0,0,0,5625,170,5797,20,1,25,F210125K,"Rayo, Bety",Cristal,Guiliano,"Bety, Rayo","Maquina 2, Salsera 500 ml. Segunda 155, Precalentada 11, Quemada 4.",NONE,NONE,NONE
1,300,20/02/2021,0.090909091,0.590909091,1.272727273,1.090909091,1.090909091,294.0909091,208.6363636,0,0,0,0,0,3300,132,3432,20.6,1,10,F210125K,Francisco,Cristal,Guiliano,"Elena, Polo","Maquina 1, Dalton 300 ml. Segunda 132.",NONE,NONE,NONE
1,300,19/02/2021,0.409090909,1.063636364,2.290909091,1.963636364,1.963636364,331,221.6363636,287.6363636,0,0,0,0,3330,265,3595,20,1,10,B210219-050,"Francisco, Polo, Elena",Cristal,Guiliano,"Elena, Polo","Maquina 1, Dalton 300 ml. Segunda 165, Desperdicio 80.",NONE,NONE,NONE
2,500,18/02/2021,0.9,1.227272727,1.145454545,1.963636364,1.963636364,660,256.4545455,345.6363636,241.7636364,0,0,0,4950,464,5414,20,1,22,F210201K,Elena,Cristal,Guiliano,Bety,"Maquina 2, Salsera 500 ml. Segunda 315, Precalentada 40, Desperdicio 107, Calentada 2.",NONE,NONE,NONE
1,300,18/02/2021,0.163636364,0.245454545,2.290909091,1.963636364,1.963636364,289.2727273,187.1818182,271.5454545,0,0,0,0,1960,430,2390,20,1,6,F210201K,Francisco,Cristal,Guiliano,Rayo,"Tiempo muerto 1 hora. Falla mecanica, no bajaban varillas, se arreglo fuga de aire, cambio de molde y se volvio a cambiar porque no habia molde. Maquina 1, Boston 300 ml. Segunda 430",NONE,NONE,NONE
1,300,17/02/2021,0.190909091,0.827272727,1.781818182,1.527272727,1.527272727,328.8181818,230.1818182,279.1818182,0,0,0,0,2970,498,3468,20.6,1,9,K210201K,Francisco,Cristal,Guiliano,Elena,"Maquina 1, Dalton 300 ml. Segunda 319, Desperdicio 179.",NONE,NONE,NONE
2,500,17/02/2021,0.9,1.227272727,1.145454545,1.963636364,1.963636364,649,250.5454545,342.4545455,246.5727273,0,0,0,5400,91,5491,20,1,24,F210201K,Polo,Cristal,Guiliano,Bety,"Maquina 2, Salsera 500 ml. Segunda 45, Desperdicio 35, Calentada 3, Precalentada 8.",NONE,NONE,NONE
1,300,16/02/2021,0.327272727,1.063636364,2.290909091,1.963636364,1.963636364,380.1818182,228.5454545,270.3636364,0,0,0,0,2970,93,3063,20.6,1,9,F210125K,Francisco ,Cristal,Guiliano,Elena,"A las 12 pm falla mecanica. Maquina 1, Dalton 300 ml. Segunda 66, Precalentada 24, Desperdicio 3.",NONE,NONE,NONE
2,500,16/02/2021,0.9,1.227272727,1.145454545,1.963636364,1.963636364,590.4545455,251.3636364,340.3636364,283.8363636,0,0,0,5400,140,5540,20,1,24,F210125K,"Rayo, Bety",Cristal,Guiliano,"Bety, Rayo","Maquina 2, Salsera 500 ml. Segunda 87, Desperdicio 38, Quemada 6, Precalentada 9.",NONE,NONE,NONE
1,300,15/02/2021,0.327272727,1.145454545,2.127272727,1.963636364,1.963636364,0,321.5454545,213.5454545,265.0909091,0,0,0,3300,53,3353,20.6,1,10,F200608K,"Francisco, Elena ",Cristal,Uknown,"Elena, Polo","Maquina 1, Boston 300 ml. Segunda 44, Precalentada 6, Desperdicio 3.",NONE,NONE,NONE
2,500,15/02/2021,0.9,1.145454545,1.063636364,1.963636364,1.963636364,602.1818182,232.0909091,345.8181818,273.5181818,0,0,0,4950,198,5148,20,1,22,F200608K,"Rayo, Bety",Cristal,Guiliano,"Bety, Rayo","Maquina 2, Salsera 500 ml. Segunda 109, Desperdicio 59, Calentada 8, Precalentada 22",NONE,NONE,NONE
1,300,13/02/2021,0.327272727,1.063636364,2.290909091,1.963636364,1.963636364,323.6363636,227.2727273,270.1818182,0,0,0,0,3630,46,3676,20.6,1,11,F200608K,Gerardo,Cristal,Guiliano,Elena,"Se llevaron una bolsa sin etiqueta Dalton. Maquina 1, Boston 300 ml. Segunda 42, Precalentada 4.",NONE,NONE,NONE
2,500,13/02/2021,0.9,1.227272727,1.063636364,1.963636364,1.963636364,601.6363636,239.4545455,348.2727273,240,0,0,0,5175,80,5255,20,1,23,F200608K,"Rayo, Bety",Cristal,Guiliano,"Bety, Rayo","Maquina 2, Salsera 500 ml. Segunda 57, Quemada 6, Precalentada 17.",NONE,NONE,NONE
1,300,12/02/2021,0.327272727,1.063636364,2.290909091,1.963636364,1.963636364,0,326.3636364,233.7272727,272.5454545,0,0,0,2970,36,3006,20,1,9,F210201K,"Elena, Bety",Cristal,Guiliano,"Bety, Elena ","Maquina 1, Boston 300 ml. Segunda 34, Precalentada 2.",NONE,NONE,NONE
2,500,12/02/2021,0.9,1.145454545,1.063636364,1.963636364,1.963636364,642.2727273,249.5454545,337.9090909,271.6363636,0,0,0,5400,191,5591,20,1,24,F210201K,"Rayo, Polo",Cristal,Guiliano,"Polo, Rayo","Maquina 2, Salsera 500 ml. Segunda 117, Precalentada 6, Desperdicio 68.",NONE,NONE,NONE
1,300,11/02/2021,0.327272727,1.063636364,2.290909091,1.963636364,1.963636364,0,324.1818182,266.6363636,275.0909091,0,0,0,2640,99,2739,20,1,8,F210202K,Francisco ,Cristal,Guiliano,Elena,"Maquina 1, Boston 300 ml.  Segunda 99.",NONE,NONE,NONE
2,500,11/02/2021,0.9,1.145454545,1.063636364,1.963636364,1.963636364,523.9090909,189.2727273,266.5454545,213.4818182,0,0,0,4950,91,5041,20,1,22,F210202K,Rayo,Cristal,Guiliano,Bety ,"Maquina 2, Salsera 500 ml. Segunda 81, Calentada 4, Precalentada 6.",NONE,NONE,NONE
1,300,10/02/2021,0.327272727,0.709090909,0.981818182,1.309090909,1.309090909,0,210.5454545,144.5454545,171.8181818,0,0,0,2310,265,2575,20,1,7,F210202K,Francisco,Cristal,Guiliano,Elena ,"Se paro por falla de maquina 1:30 y se paro 1 hr. por hora de desayuno. Maquina  1, Boston 300 ml. Segunda 176, Desperdicio 89.",NONE,NONE,NONE
2,500,10/02/2021,0.9,1.145454545,1.063636364,1.963636364,1.963636364,669.1818182,255.5454545,328.8181818,287.0636364,0,0,0,5400,112,5512,20,1,24,F210202K,"Rayo, Bety ",Cristal,Guiliano,"Bety, Rayo","Maquina 2, Salsera 500 ml. Segunda 100, Calentada 6, Desperdicio 6.",NONE,NONE,NONE
1,300,09/02/2021,0.490909091,1.063636364,2.209090909,1.963636364,1.963636364,0,308.3727273,209.4545455,249.5454545,0,0,0,3630,220,3850,20,1,11,F210201K,"Francisco, Elena ",Cristal,Guiliano,"Elena, Francisco","Maquina 1, Boston 300 ml. Segunda 220",NONE,NONE,NONE
2,500,09/02/2021,0.9,1.145454545,1.063636364,1.963636364,1.963636364,651.0909091,256.0909091,334.9090909,281.7454545,0,0,0,5400,130,5530,20,1,24,F210201K,"Rayo, Bety",Cristal,Guiliano,"Bety, Rayo","Maquina 2, Salsera 500 ml. Segunda 117, Precalentada 6, Desperdicio 7",NONE,NONE,NONE
1,300,08/01/2021,0.490909091,1.063636364,2.290909091,2.045454545,2.045454545,308.7272727,240.5454545,253.3636364,0,0,0,0,330,132,462,20.6,1,10,F210201K,Francisco,Cristal,Guiliano,Elena,"Maquina 1, Boston 300 ml. Segunda 132",NONE,NONE,NONE
2,500,08/02/2021,0.9,1.145454545,1.063636364,1.963636364,1.963636364,610.3636364,239.7272727,328.0909091,286.3636364,0,0,0,4500,122,4622,20,1,20,F210201K,"Rayo, Bety",Cristal,Guiliano,"Bety, Rayo","Maquina 2, Salsera 500 ml. Segunda 88, Precalentada 31, Desperdicio 3.",NONE,NONE,NONE
1,300,05/02/2021,0.272727273,0.590909091,1.272727273,1.136363636,1.136363636,206.6363636,145.6363636,183.1818182,0,0,0,0,0,242,242,20.6,1,0,F200603K,Francisco,Cristal,Guiliano,Elena ,"Maquina 1, Boston 300 ml. Segunda 242",NONE,NONE,NONE
2,500,05/02/2021,0.7,0.890909091,0.827272727,1.527272727,1.527272727,477.7272727,178.8181818,256.6363636,219.2727273,0,0,0,4500,449,4949,20,1,20,F200603K,"Rayo, Bety, Polo",Cristal,Guiliano,"Bety, Rayo, Polo","Se trabajo  a las 11 por descomposicion de maquina. Maquina 2, Salsera 500 ml. Segunda, 227, Quemada 15, Precalentada 23, Desperdicio 184.",NONE,NONE,NONE
1,300,04/02/2021,1,1.3,2.8,2.4,2.4,386.1818182,263.1818182,363.1818182,0,0,0,0,4950,118,5068,20.6,1,15,F210125K,"Francisco, Elena ",Cristal,Guiliano,UNKNOWN,"Maquina 1, Boston 300 ml. Segunda 110, Desperdicio 8.",NONE,NONE,NONE
2,500,04/02/2021,1,1.272727273,1.272727273,2.181818182,2.181818182,670.2727273,258.2727273,373.5454545,307.6545455,0,0,0,4725,355,5080,20,1,21,F210125K,"Rayo, Bety",Cristal,Guiliano,"Bety, Rayo","9am se paro maquina porque se movio la boquilla. Se descompuso la maquina a las 3:30 pm. Maquina 2, Salsera 500 ml.  Segunda 252, Precalentada 67, Desperdicio 28, Quemada 8.",NONE,NONE,NONE
2,500,03/02/2021,1.1,1.4,1.4,2.4,2.4,782,289.8181818,413.2727273,321.1454545,0,0,0,6525,287,6812,20.6,1,29,F210125K,"Bety, Rayo",Cristal,Guiliano,"Rayo, Bety","Salsera, 227 segunda, 22 desecho, 38 precalentada",NONE,NONE,NONE
1,500,03/02/2021,1,1.3,2.8,2.4,2.4,388,265,365,0,0,0,0,1980,209,2189,20.6,1,6,F210125K,"Elena, Francisco",Boston,Guiliano,"Elena, Francisco","Boston, 209 Segunda.",NONE,NONE,NONE
2,500,02/02/2021,0.9,1.145454545,1.063636364,1.963636364,1.963636364,464.5454545,187.0909091,255.8181818,230.1090909,0,0,0,5625,114,5739,20.6,1,22,F2101125K,Bety,Boston,Guiliano,Rayo,"Se empezo a trabajar la maquina a las 10 am. 85 segunda, 22 precalentada, 4 calentada, desperdicio 3",NONE,NONE,NONE
2,300,02/02/2021,0.636363636,0.827272727,1.781818182,1.527272727,1.527272727,211.6363636,144.5454545,198.1818182,0,0,0,0,1980,0,1980,20.6,1,6,Uknown,Francisco,Boston,Guiliano,Uknown,Boston,NONE,NONE,NONE
1,500,30/01/2021,0.736363636,1.063636364,2.290909091,2.290909091,2.290909091,324.3636364,116.7272727,309.6363636,0,0,0,0,2700,256,2956,20.6,1,12,F210122K,"Polo, Bety, ",Salsero,Guiliano,UNKNOWN,"Falla mecanica, el molde no abria, se tuvo que arrelgar 145 tiempo muerto. Maquina 1. Segunda 225, Precalentada 14, Calentada 17.",NONE,NONE,NONE
2,500,30/01/2021,0.9,1.145454545,1.145454545,1.963636364,1.963636364,0,0,0,0,0,0,0,5400,122,522,20,1,24,F210122K,"Rayo, Elena",Salsero,Guiliano,"Elena, Rayo","Maquina 2. Segunda 84, Precalentada, 27, Quemada 4, Desperdicio 7",NONE,NONE,NONE
1,500,29/01/2021,0.9,1.3,2.8,2.8,2.8,403.7272727,219.8181818,365.1818182,0,0,0,0,4500,277,4777,20,1,20,Uknown,"Polo, Bety, Irma",Salsero,Guiliano,UNKNOWN,"Problemas con el molde.  Maquina 1, Salsera 500. Segunda 225, Precalentado 34, Quemada 18.",NONE,NONE,NONE
2,500,29/01/2021,1.1,1.4,1.4,2.4,2.4,717.8181818,299.6363636,401.3636364,367.6818182,0,0,0,7200,197,7397,20,1,32,F210122K,"Rayo, Elena",Salsero,Guiliano,"Elena, Rayo","Maquina 2, Salsera 500 ml. Segunda 126, Precalentada 62, Desperdicio 9.",NONE,NONE,NONE
1,500,28/01/2021,0.9,1.3,2.8,2.8,2.8,363.9090909,165.4545455,322.0909091,0,0,0,0,4725,270,4995,20.6,1,21,F210105K,"Francisco, Polo, Bety ",Salsero,Guiliano,UNKNOWN,"Se lavaron filtro. Maquina 1, Salsera 500 ml. Segunda 225, Precalentada, 25, Calentada 20. ",NONE,NONE,NONE
2,500,28/01/2021,1.1,1.4,1.3,2.4,2.4,708.0909091,293,396.8181818,370.9090909,0,0,0,6750,89,6839,20,1,30,F210109K,"Rayo, Bety",Salsero,Guiliano,"Elena, Rayo","Se lavaron filtros. Maquina 2, Salsera 500 ml. Segunda 89",NONE,NONE,NONE
2,500,27/01/2021,1.1,1.4,1.3,2.4,2.4,634.2727273,299.8181818,400.2727273,368.5272727,0,0,0,7425,117,7542,20,1,33,UNKNOWN,"Rayo, Elena ",Salsero,Guiliano,"Elena, Irma, Rayo ","Maquina 2, Salsera 500 ml. Segunda 117",NONE,NONE,NONE
1,500,27/01/2021,0.654545455,0.945454545,2.036363636,2.036363636,1.963636364,409,286.9090909,369.0909091,0,0,0,0,3600,250,3850,20.6,1,16,F210122K,"Francisco, Polo, Bety",Salsero,Guiliano,UNKNOWN,"Falla mecanica 10-12, se arranco 12:30 pm en forma. Maquina 1, Salsera 500 ml. Segunda 250.",NONE,NONE,NONE
1,500,26/01/2021,0.9,1.3,2.8,2.7,2.7,154.4545455,140.7272727,193.0909091,0,0,0,0,2025,225,2250,20,1,9,F210122K,Polo,Cristal,Guiliano,Bety,"Maquina 1, Salsera 500 ml. Segunda 225",NONE,NONE,NONE
1,300,26/01/2021,0.818181818,1.063636364,2.290909091,1.963636364,1.963636364,314.6363636,225,295.0909091,0,0,0,0,1881,0,1881,20.6,1,5,F210122K,"Francisco, Polo, Bety",Boston,Guiliano,UNKNOWN,"De 7-12 Boston Dalton. De 12-5 Salsera Cristal. Maquina 1, Dalton 300 ml. ",NONE,NONE,NONE
2,500,26/01/2021,1.1,1.4,1.4,2.4,2.4,561.4545455,299,394.8181818,377.3090909,0,0,0,7200,54,7254,20,1,32,F210122K,"Rayo, Elena",Cristal,Guiliano,"Elena, Rayo","Maquina 2, Salsera 500 ml. Segunda 54.",NONE,NONE,NONE
1,300,25/01/2021,0.363636364,0.472727273,1.018181818,1.018181818,1.018181818,361.5454545,287.2727273,352,59.36363636,0,0,0,4620,44,4664,20.6,1,14,F200208K,"Polo, Bety, Francisco ",Boston,Guiliano,UNKNOWN,"Maquina 1, Boston 300 ml. Segunda 44",NONE,NONE,NONE
2,500,25/01/2021,1.1,1.4,1.4,2.4,2.4,514.8181818,297.8181818,392.5454545,371.7272727,0,0,0,7200,54,7254,20,1,32,UNKNOWN,"Rayo, Elena ",Boston,Uknown,"Elena, Rayo","Maquina 2, Salsera 500 ml. Segunda 54",NONE,NONE,NONE
1,300,22/01/2021,1,1.3,2.8,2.8,2.8,204.1818182,209.4545455,240.7272727,0,0,0,0,3960,88,4048,20.6,1,12,F20128K,"Francisco, Polo, Bety ",Boston,Guiliano,Uknown,"Maquina 1, Segunda 88",NONE,NONE,NONE
2,500,23/01/2021,0.9,1.145454545,1.145454545,1.963636364,1.963636364,415.3636364,243.5454545,322.5454545,304.3636364,0,0,0,5400,81,5481,20,1,24,F20128K,Rayo,Cristal,Guiliano,Elena,"Maquina 2, Segunda 81",NONE,NONE,NONE
2,500,22/01/2021,1.1,1.4,1.4,2.4,2.4,506.3636364,304.3636364,377.1636364,0,0,0,0,6975,171,7146,20,1,31,F200613K,"Rayo, Elena",Cristal,Guiliano,"Elena, Rayo",Maquina 2. Segunda 171,NONE,NONE,NONE
1,500,21/01/2021,0.327272727,0.509090909,1.018181818,1.018181818,1.018181818,176,138.1818182,165.1818182,0,0,0,0,2250,0,2250,20,1,10,F200702K,"Francisco, Polo",Cristal,Guiliano,UNKNOWN,Se cambio molde 1/2 Cristal para poner la de Dalton. Maquina 1.,NONE,NONE,NONE
2,500,21/01/2021,1.1,1.4,1.4,2.4,2.4,490.9090909,307.7272727,393.7272727,364.5454545,0,0,0,6971,54,7025,20,1,31,F200613K,"Rayo, Elena ",Cristal,Guiliano,"Elena, Rayo",Maquina 2. Segunda 54,NONE,NONE,NONE
1,500,20/01/2021,0.654545455,1.018181818,2.036363636,2.036363636,2.036363636,279.6363636,218.6363636,254.1818182,270.3636364,0,0,0,3375,0,3375,20.6,1,15,F200614K,"Francisco, Polo",Cristal,Guiliano,UNKNOWN,Arreglar boquillas. Maquina 1,NONE,NONE,NONE
2,500,20/01/2021,0.666666667,0.875757576,0.815151515,1.454545455,1.454545455,475.3333333,272.3333333,362.6363636,286.4060606,0,0,0,5100,309.3333333,5409.333333,20,1,22.66666667,F200702K,"Rayo, Elena ",Cristal,Guiliano,"Elena, Rayo",Maquina 2. Segunda 210,NONE,NONE,NONE
2,500,19/01/2021,1.1,1.4,1.3,2.4,2.4,489.0909091,311.8181818,380.2727273,373.9090909,0,0,0,6300,27,6327,20,1,28,F200614K,Polo,Cristal,Guiliano,Elena,Maquina 2. Segunda 27.,NONE,NONE,NONE
2,500,18/01/2021,0.7,0.890909091,0.763636364,1.527272727,1.527272727,411.5454545,244.6363636,322.3636364,286.3636364,0,0,0,4275,416,4691,20,1,19,F200614K,Francisco,Cristal,Guiliano,Elena,Segunda  416,NONE,NONE,NONE
2,500,16/01/2021,0.9,1.145454545,1.145454545,1.963636364,1.963636364,425.6363636,256.2727273,319.6363636,301.5454545,0,0,0,3825,124,3949,20,1,27,F201208J,"Polo, Francisco, Elena",Cristal,Guiliano,"Elena, Francisco",Segunda 124,NONE,NONE,NONE
2,500,15/01/2021,0.9,1.145454545,1.145454545,1.963636364,1.963636364,419.3636364,266.8181818,318.5454545,312.4545455,0,0,0,3825,124,3959,20,1,17,F201208J,Polo,Cristal,Guiliano,Elena,"Segunda 109, Precalentadas 15",NONE,NONE,NONE
2,500,14/01/2021,0.9,1.145454545,1.145454545,1.963636364,1.963636364,400.3636364,267,318.5454545,306,0,0,0,4050,30,4080,20,1,18,F201208J,"Polo, Elena, Francisco ",Cristal,Guiliano,"Polo, Elena, Francisco",Segunda 30,NONE,NONE,NONE
2,500,13/01/2021,0.9,1.145454545,1.145454545,1.145454545,1.145454545,383.8181818,270.1818182,314.6363636,308.4545455,0,0,0,4275,50,4325,20,1,19,F201135J,Polo,Cristal,Guiliano,Elena,Segunda 50,NONE,NONE,NONE
2,500,12/01/2021,0.9,1.145454545,1.145454545,1.963636364,1.963636364,354.9090909,235.5454545,280.2727273,270.4545455,0,0,0,4275,100,4375,20,1,19,F201123J,"Polo, Elena, Francisco",Cristal,Guiliano,"Polo, Elena",Segunda  100.,NONE,NONE,NONE
2,500,11/01/2021,0.4,0.509090909,0.509090909,0.872727273,0.872727273,216.3636364,139.0909091,175,167.5,0,0,0,1350,0,1350,20,1,6,F201123J,Polo,Cristal,Guiliano,Rayo,Se empezo a producir a las 12:40. ,NONE,NONE,NONE
2,1000,11/01/2021,0.4,0.509090909,0.509090909,0.872727273,0.872727273,232.7272727,149.0909091,182.7272727,180.6818182,150,0,0,1820,199,2019,30,1,13,F201213K,Polo,Cristal,Guiliano,"Rayo, Francisco",Se paro produccion para hacer cambio de molde 11am. Segunda 199,NONE,NONE,NONE
2,1000,09/01/2021,0.9,1.145454545,1.145454545,1.963636364,1.963636364,232,144.7272727,178.8181818,164.3636364,135.6363636,0,0,3220,280,3500,30,1,23,F201215K,"Francisco, Polo, Elena",Cristal,Guiliano,"Polo, Elena, Francisco ",Falla del compresor. Segunda 280,NONE,NONE,NONE
2,1000,08/01/2021,0.8,1.018181818,1.018181818,1.745454545,1.745454545,336,230.5454545,288,283.6363636,0,0,0,4340,140,4480,30,1,31,F201215K,"Francisco, Polo, Elena",Cristal,Guiliano,UNKNOWN,Segunda 140,NONE,NONE,NONE
2,1000,07/01/2021,0.9,1.145454545,1.145454545,1.963636364,1.963636364,338.1818182,211.6363636,285.2727273,270.5909091,209.3636364,0,0,4340,140,4480,30,1,31,F201215K,"Polo, Elena, Rayo",Cristal,Guiliano,"Polo, Elena, Rayo",Segunda 140,NONE,NONE,NONE
2,1000,06/01/2021,0.9,1.145454545,1.145454545,1.963636364,1.963636364,370.6363636,239.7272727,316.6363636,299.8636364,235.6363636,0,0,4340,89,4429,30,1,31,F201215K,"Polo, Elena, Rayo",Cristal,Guiliano,"Elena, Rayo",Segunda 89,NONE,NONE,NONE
2,1000,05/01/2021,0.5,0.636363636,0.636363636,1.090909091,1.090909091,363.5454545,237,323,314.4090909,263.1818182,0,0,3920,140,4060,30,1,28,F2008058,"Rayo, Elena",Cristal,Guiliano,UNKNOWN,Botella de 1 Lt.  Segunda 140,NONE,NONE,NONE
1,300,04/01/2021,0.736363636,0.9,1.718181818,1.963636364,1.881818182,303.5454545,258.5454545,286.3636364,0,0,0,0,1920,372,2292,20.6,1,5,F201123J,"Isa, Gerardo",Cristal,Guiliano,UNKNOWN,Botella diamante 300 ml. Segunda 372,NONE,NONE,NONE
2,1000,04/01/2021,0.1,0.127272727,0.136363636,0.218181818,0.218181818,244.9090909,157.6363636,212.5454545,174.6363636,146.8181818,0,0,2660,70,2730,30,1,19,F2008058,"Polo, Elena",Cristal,Guiliano,UNKNOWN,Botella de 1 Lt. Segunda 70,NONE,NONE,NONE
